read,enzyme,position,barcode_id,barcode_sequence
read1,nhei,A,NheI_A,CCGAATG
read1,nhei,B,NheI_B,TTAGGCAG
read1,nhei,C,NheI_C,AACTCGTCG
read1,nhei,D,NheI_D,GGTCTACGTG
read1,nhei,E,NheI_E,GATACCG
read1,nhei,F,NheI_F,AGCGTTGG
read1,nhei,G,NheI_G,CTGCAACTG
read1,nhei,H,NheI_H,TCATGGTCAG
read1,clai,A,ClaI_A,CCGAATAT
read1,clai,B,ClaI_B,TTAGGCAAT
read1,clai,C,ClaI_C,AACTCGTCAT
read1,clai,D,ClaI_D,GGTCTACGTAT
read1,clai,E,ClaI_E,GATACCAT
read1,clai,F,ClaI_F,AGCGTTGAT
read1,clai,G,ClaI_G,CTGCAACTAT
read1,clai,H,ClaI_H,TCATGGTCAAT
read2,ecori,1,EcoRI_1,CTAACGT
read2,ecori,2,EcoRI_2,TCGGTACT
read2,ecori,3,EcoRI_3,GATCGTTGT
read2,ecori,4,EcoRI_4,AGCTACACTT
read2,ecori,5,EcoRI_5,ACGCATT
read2,ecori,6,EcoRI_6,GTATGCAT
read2,ecori,7,EcoRI_7,CACATGTCT
read2,ecori,8,EcoRI_8,TGTGCACGAT
read2,ecori,9,EcoRI_9,GCATCAT
read2,ecori,10,EcoRI_10,ATGCTGTT
read2,ecori,11,EcoRI_11,CATGACCTT
read2,ecori,12,EcoRI_12,TGCAGTGAGT
read2,bamhi,1,BamHI_1,CTAACGC
read2,bamhi,2,BamHI_2,TCGGTACC
read2,bamhi,3,BamHI_3,GATCGTTGC
read2,bamhi,4,BamHI_4,AGCTACACTC
read2,bamhi,5,BamHI_5,ACGCATC
read2,bamhi,6,BamHI_6,GTATGCAC
read2,bamhi,7,BamHI_7,CACATGTCC
read2,bamhi,8,BamHI_8,TGTGCACGAC
read2,bamhi,9,BamHI_9,GCATCAC
read2,bamhi,10,BamHI_10,ATGCTGTC
read2,bamhi,11,BamHI_11,CATGACCTC
read2,bamhi,12,BamHI_12,TGCAGTGAGC
read2,hindiii,1,HindIII_1,CTAACGT
read2,hindiii,2,HindIII_2,TCGGTACT
read2,hindiii,3,HindIII_3,GATCGTTGT
read2,hindiii,4,HindIII_4,AGCTACACTT
read2,hindiii,5,HindIII_5,ACGCATT
read2,hindiii,6,HindIII_6,GTATGCAT
read2,hindiii,7,HindIII_7,CACATGTCT
read2,hindiii,8,HindIII_8,TGTGCACGAT
read2,hindiii,9,HindIII_9,GCATCAT
read2,hindiii,10,HindIII_10,ATGCTGTT
read2,hindiii,11,HindIII_11,CATGACCTT
read2,hindiii,12,HindIII_12,TGCAGTGAGT