read2_enzyme	column	read2_id	read2_barcode_sequence
ecori	1	EcoRI_1	CTAACGT
ecori	2	EcoRI_2	TCGGTACT
ecori	3	EcoRI_3	GATCGTTGT
ecori	4	EcoRI_4	AGCTACACTT
ecori	5	EcoRI_5	ACGCATT
ecori	6	EcoRI_6	GTATGCAT
ecori	7	EcoRI_7	CACATGTCT
ecori	8	EcoRI_8	TGTGCACGAT
ecori	9	EcoRI_9	GCATCAT
ecori	10	EcoRI_10	ATGCTGTT
ecori	11	EcoRI_11	CATGACCTT
ecori	12	EcoRI_12	TGCAGTGAGT
bamhi	1	BamHI_1	CTAACGC
bamhi	2	BamHI_2	TCGGTACC
bamhi	3	BamHI_3	GATCGTTGC
bamhi	4	BamHI_4	AGCTACACTC
bamhi	5	BamHI_5	ACGCATC
bamhi	6	BamHI_6	GTATGCAC
bamhi	7	BamHI_7	CACATGTCC
bamhi	8	BamHI_8	TGTGCACGAC
bamhi	9	BamHI_9	GCATCAC
bamhi	10	BamHI_10	ATGCTGTC
bamhi	11	BamHI_11	CATGACCTC
bamhi	12	BamHI_12	TGCAGTGAGC
hindiii	1	HindIII_1	CTAACGT
hindiii	2	HindIII_2	TCGGTACT
hindiii	3	HindIII_3	GATCGTTGT
hindiii	4	HindIII_4	AGCTACACTT
hindiii	5	HindIII_5	ACGCATT
hindiii	6	HindIII_6	GTATGCAT
hindiii	7	HindIII_7	CACATGTCT
hindiii	8	HindIII_8	TGTGCACGAT
hindiii	9	HindIII_9	GCATCAT
hindiii	10	HindIII_10	ATGCTGTT
hindiii	11	HindIII_11	CATGACCTT
hindiii	12	HindIII_12	TGCAGTGAGT
